"id","name","user_id/id","date_deadline","is_done"
"__export__.todo_task_13","Work Hard","__export__.res_users_6","","False"
"__export__.todo_task_14","Be Positive","base.user_demo","","True"
"__export__.todo_task_121","Complete Odoo Development Book","__export__.res_users_6","","False"
"__export__.todo_task_441","admin task 1","base.user_root","2017-05-22","True"
"__export__.todo_task_446","dffasd","base.user_demo","2017-05-22","True"
"__export__.todo_task_451","shared task","__export__.res_users_6","2017-05-16","False"
"__export__.todo_task_452","demo sharing task","base.user_demo","2017-05-25","False"
"__export__.todo_task_454","admin test task 2","base.user_root","2017-05-24","True"
"__export__.todo_task_459","admin test task imported","base.user_root","2018-05-24","False"
"__export__.todo_task_458","admin test task demo data imported","base.user_root","2019-05-24","False"
